Timestamp,URL
05/02/2022 21:20:55,https://www.amazon.in/dp/B07GJP8WQ9/ref=cm_sw_r_apan_glt_i_dl_T5XRDHGQTVD20S58M0R2?_encoding=UTF8&psc=1
05/02/2022 21:35:31,https://www.amazon.in/dp/B09HPQP6TQ?ref=ppx_pop_mob_ap_share
05/02/2022 21:36:10,https://www.amazon.in/dp/B07WPVY4G4?ref=ppx_pop_mob_ap_share
05/02/2022 21:37:15,https://www.amazon.in/dp/B08HDR7NQ1/ref=cm_sw_r_cp_api_glt_i_GFPDQPGNG1BJV87JX1J4
06/02/2022 11:19:40,https://www.amazon.in/gp/product/B06XWRSHY7/ref=ppx_yo_dt_b_asin_title_o03_s00?ie=UTF8&psc=1
06/02/2022 11:20:03,https://www.amazon.in/gp/product/B07W1J1Y89/ref=ppx_yo_dt_b_asin_title_o06_s00?ie=UTF8&psc=1
06/02/2022 11:20:21,https://www.amazon.in/gp/product/B091TJ8KYC/ref=ppx_yo_dt_b_asin_title_o09_s00?ie=UTF8&psc=1
06/02/2022 12:00:13,https://www.amazon.in/Scotch-Brite-IE840159255-Bathroom-Squeegee-Wiper/dp/B00NBM3IE4
06/02/2022 12:00:47,https://www.amazon.in/gp/product/B07K2PK3BV
06/02/2022 12:01:22,https://www.amazon.in/gp/product/B09MTGKFXZ
06/02/2022 12:02:05,https://www.amazon.in/Almanack-Naval-Ravikant-Wealth-Happiness-ebook/dp/B09GCCGMTB
06/02/2022 12:02:40,https://www.amazon.in/Psychology-Money-Morgan-Housel-ebook/dp/B08FHZ5L47
06/02/2022 12:02:54,https://www.amazon.in/gp/product/B09MTGKFXZ
06/02/2022 12:03:12,https://www.amazon.in/gp/product/B08L6N3M4L
06/02/2022 12:03:33,https://www.amazon.in/gp/product/B08J6YZZ14
06/02/2022 12:04:09,https://www.amazon.in/gp/product/B00F1FR4AS
06/02/2022 12:04:42,https://www.amazon.in/dp/B01N33BLDT
06/02/2022 12:05:06,https://www.amazon.in/gp/product/B003SLDNNO
06/02/2022 12:05:26,https://www.amazon.in/dp/B003SLDNO8
06/02/2022 12:06:23,https://www.amazon.in/gp/product/B097DJZTWB
06/02/2022 12:06:57,https://www.amazon.in/gp/product/B09C67NV55
06/02/2022 12:07:47,https://www.amazon.in/gp/product/B08VJGJHFX
06/02/2022 12:08:44,https://www.amazon.in/Philips-BG1025-15-Showerproof-Groomer/dp/B00TO7K08C
06/02/2022 12:08:59,https://www.amazon.in/Philips-MG3747-15-Face-Hair/dp/B08VK5F2RG
06/02/2022 12:09:13,https://www.amazon.in/PHILIPS-BT1232-15-Skin-friendly-Trimmer/dp/B096RN9V8V
06/02/2022 12:09:36,https://www.amazon.in/MI-Cordless-Trimmer-settings-charging/dp/B08PS2KXJP
06/02/2022 12:10:19,https://www.amazon.in/Bombay-Shaving-Company-Charcoal-Starter/dp/B07QVNT5K2
06/02/2022 12:10:51,https://www.amazon.in/dp/B00X9UOCEI
06/02/2022 12:11:49,https://www.amazon.in/Bombay-Shaving-Company-Maintenance-Cedarwood/dp/B08LRHSGTH
06/02/2022 12:12:34,https://www.amazon.in/gp/product/B07WR3R6MD
06/02/2022 12:15:43,https://www.amazon.in/Alicia-Souza-Stickers-Laptops-Notebooks/dp/B07ZB6JWDJ
06/02/2022 12:16:32,https://www.amazon.in/dp/B09F3DV1DK
06/02/2022 12:16:57,https://www.amazon.in/gp/product/B0026JH70O
06/02/2022 12:17:46,https://www.amazon.in/gp/product/B09FLKPHT6
06/02/2022 12:18:52,https://www.amazon.in/gp/product/B003U6LBRW
06/02/2022 12:20:09,https://www.amazon.in/gp/product/B00110WPCO
06/02/2022 12:20:23,https://www.amazon.in/gp/product/B01CY7NN8M
06/02/2022 12:21:35,https://www.amazon.in/Faber-Castell-Castell-9000-Pencil-Set/dp/B000I5MNC0
06/02/2022 12:21:53,https://www.amazon.in/Faber-Castell-Graphite-Aquarelle-Pencil/dp/B00DJ3620M
06/02/2022 12:22:49,https://www.amazon.in/dp/B00PP6Y8E8
06/02/2022 12:23:03,https://www.amazon.in/gp/product/B08D3RVDB6
06/02/2022 12:23:21,https://www.amazon.in/Good-Hope-Framed-Acrylic-Multicolor/dp/B08DKZNQJT
06/02/2022 12:23:49,https://www.amazon.in/Good-Hope-Minimal-Framed-Poster/dp/B08XY1N846
06/02/2022 12:24:14,https://www.amazon.in/Good-Hope-Framed-Acrylic-Multicolor/dp/B08DKZB6DN
06/02/2022 12:24:26,https://www.amazon.in/Good-Hope-Inception-Minimal-Multicolor/dp/B08FXJDSK6
06/02/2022 12:25:03,https://www.amazon.in/gp/product/B07J5QX9FX
06/02/2022 12:25:54,https://www.amazon.in/gp/product/B08Q4FTZ81
06/02/2022 12:26:10,https://www.amazon.in/gp/product/B085PWPMXY
06/02/2022 12:26:47,https://www.amazon.in/gp/product/B08B5VL1SP
06/02/2022 12:27:18,https://www.amazon.in/gp/product/B09576CYNP
06/02/2022 12:27:33,https://www.amazon.in/gp/product/B07TYPTCNV
06/02/2022 12:28:04,https://www.amazon.in/gp/product/B088PBRW6L
06/02/2022 12:28:27,https://www.amazon.in/gp/product/B07GZP57ZL
06/02/2022 12:28:43,https://www.amazon.in/gp/product/B082VH1BRC/
06/02/2022 12:32:10,https://www.amazon.in/gp/product/B074DDJFTH
06/02/2022 12:33:06,https://www.amazon.in/gp/product/B07KF95XJM
06/02/2022 16:43:11,https://www.amazon.in/gp/product/B00M4BU0OO/ref=ppx_yo_dt_b_asin_title_o00_s04?ie=UTF8&th=1
06/02/2022 16:43:24,https://www.amazon.in/gp/product/B07J1WVQ19/ref=ppx_yo_dt_b_asin_title_o00_s02?ie=UTF8&psc=1
06/02/2022 16:43:34,https://www.amazon.in/gp/product/B078FZJD5F/ref=ppx_yo_dt_b_asin_title_o00_s00?ie=UTF8&psc=1
06/02/2022 16:44:59,https://www.amazon.in/gp/product/B07XBLKGF4/ref=ppx_yo_dt_b_asin_title_o08_s00?ie=UTF8&psc=1
06/02/2022 16:45:14,https://www.amazon.in/gp/product/B08VRS85T6/ref=ppx_yo_dt_b_asin_title_o07_s00?ie=UTF8&psc=1
06/02/2022 16:45:28,https://www.amazon.in/gp/product/B00Y39S8WG/ref=ppx_yo_dt_b_asin_title_o05_s00?ie=UTF8&psc=1
06/02/2022 16:45:50,https://www.amazon.in/gp/product/B08D5XK13T/ref=ppx_yo_dt_b_asin_title_o04_s00?ie=UTF8&th=1
06/02/2022 16:46:00,https://www.amazon.in/gp/product/B07C9KQ7KR/ref=ppx_yo_dt_b_asin_title_o03_s01?ie=UTF8&psc=1
06/02/2022 16:46:12,https://www.amazon.in/gp/product/B08JQN8DGZ/ref=ppx_yo_dt_b_asin_title_o03_s00?ie=UTF8&th=1
06/02/2022 16:46:23,https://www.amazon.in/gp/product/B09774F1LG/ref=ppx_yo_dt_b_asin_title_o02_s00?ie=UTF8&th=1
06/02/2022 16:46:36,https://www.amazon.in/gp/product/B086978F2L/ref=ppx_yo_dt_b_asin_title_o00_s00?ie=UTF8&psc=1
06/02/2022 16:46:54,https://www.amazon.in/gp/product/B08P61WCYD/ref=ppx_yo_dt_b_asin_title_o01_s00?ie=UTF8&th=1
06/02/2022 16:47:06,https://www.amazon.in/gp/product/B01K7J0RFG/ref=ppx_yo_dt_b_asin_title_o00_s01?ie=UTF8&psc=1
06/02/2022 17:26:43,https://www.amazon.in/gp/product/B08GPPT991/ref=ppx_yo_dt_b_asin_title_o03_s00?ie=UTF8&psc=1
06/02/2022 17:29:00,https://www.amazon.in/gp/product/B06XF471D3/ref=ppx_yo_dt_b_asin_title_o07_s01?ie=UTF8&psc=1
06/02/2022 17:31:30,https://www.amazon.in/dp/B08R6QR863?ref=MarsFS_SMP_B08R6QR863
06/02/2022 17:32:37,https://www.amazon.in/gp/product/B074VHN2F3/ref=ppx_yo_dt_b_asin_title_o01_s00?ie=UTF8&th=1
06/02/2022 17:34:25,https://www.amazon.in/gp/product/B073NTCT4Q/ref=ppx_yo_dt_b_asin_title_o03_s00?ie=UTF8&psc=1
06/02/2022 17:38:19,https://www.amazon.in/Philips-AC1215-20-Purifier-White/dp/B01L6MT7E0/ref=sr_1_5?crid=1ZFSW7AZ1PYPO&keywords=air+purifier&qid=1644149184&s=kitchen&sprefix=air%2Ckitchen%2C207&sr=1-5
06/02/2022 17:40:06,https://www.amazon.in/gp/product/B01486F4G6/ref=ppx_yo_dt_b_asin_title_o05_s00?ie=UTF8&psc=1
06/02/2022 17:42:15,https://www.amazon.in/gp/product/B01KZVPNGE/ref=ppx_yo_dt_b_asin_title_o04_s02?ie=UTF8&psc=1
06/02/2022 17:47:50,https://www.amazon.in/gp/product/B07JHDKXK4/ref=ppx_yo_dt_b_asin_title_o01_s00?ie=UTF8&psc=1
06/02/2022 18:40:51,https://www.amazon.in/dp/B09MHT8HT4/ref=cm_sw_r_apan_glt_i_1PA90626PV7NK8R2YN8J
06/02/2022 20:32:39,https://www.amazon.com/dp/B01BZOKLOO/ref=cm_sw_r_apan_glt_i_TKFQW3RV5JTKDGRZAH9P
06/02/2022 21:53:51,https://www.amazon.in/Fujifilm-Instax-Mini-Flamingo-Pink/dp/B06WWBTB3G
06/02/2022 21:54:24,https://www.amazon.in/Fujifilm-Instax-Mini-Flamingo-Pink/dp/B06WW64YM6
06/02/2022 21:55:45,https://www.amazon.in/Apple-MWP22HN-A-AirPods-Pro/dp/B07ZRXF7M8
06/02/2022 21:56:22,https://www.amazon.in/New-Apple-AirPods-Max-Pink/dp/B08Q2ZQ1PC
06/02/2022 21:57:15,https://www.amazon.in/Fujifilm-Instax-Mini-Butter-Camera/dp/B09MYJN1RQ
06/02/2022 21:57:52,https://www.amazon.in/Fujifilm-Mini-11-Charcoal-Happiness/dp/B094MZ45BV
06/02/2022 21:59:11,https://www.amazon.in/Apple-iPhone-13-256GB-Blue/dp/B09G93H3BR
06/02/2022 21:59:39,https://www.amazon.in/Apple-iPhone-13-Mini-256GB/dp/B09G99CW2C
06/02/2022 22:00:46,https://www.amazon.in/dp/B09G9BX757
06/02/2022 22:01:11,https://www.amazon.in/Apple-iPad-Pro-12-9-inch-32-77-Cellular/dp/B0932S3TVM
06/02/2022 22:02:01,https://www.amazon.in/Apple-Watch-GPS-41mm-Aluminium/dp/B09HHFRWZB
06/02/2022 22:02:12,https://www.amazon.in/Apple-Watch-GPS-40mm-Aluminium/dp/B09G9FKD21
06/02/2022 22:02:50,https://www.amazon.in/Apple-MacBook-14-inch-10%E2%80%91core-16%E2%80%91core/dp/B09JR5SCS7
06/02/2022 22:04:20,https://www.amazon.in/Apple-MacBook-Chip-13-inch-256GB/dp/B08N5T6CZ6
06/02/2022 22:06:07,https://www.amazon.in/ASUS-15-6-inch-RTX-3050-Graphics-FA506IC-HN005T/dp/B09CCW5XVM
06/02/2022 22:09:55,https://www.amazon.in/Sony-Microphone-Bluetooth-Shooting-Vlogging/dp/B08D45C1YF
06/02/2022 22:10:42,https://www.amazon.in/Canon-1500D-Digital-Camera-S18-55/dp/B07BS4TJ43
06/02/2022 22:11:51,https://www.amazon.in/Noise-ColorFit-Smartwatch-Display-Monitors/dp/B097R34WKJ
06/02/2022 22:13:21,https://www.amazon.in/Garmin-Forerunner-Music-Rubber-Smart/dp/B07QLVHBLF
06/02/2022 22:14:37,https://www.amazon.in/Smart-AMOLED-Display-Battery-Resistant/dp/B08GXC2NTX
06/02/2022 22:15:25,https://www.amazon.in/Amazfit-Display-Measurement-Monitoring-Midnight/dp/B08QT49PXC
06/02/2022 22:16:34,https://www.amazon.in/Echo-Dot-3rd-Gen/dp/B07PFFMP9P
06/02/2022 22:17:04,https://www.amazon.in/dp/B085M5R82K
06/02/2022 22:17:51,https://www.amazon.in/Introducing-Echo-Show-8-display-screen/dp/B07SLJBBCS
06/02/2022 22:18:25,https://www.amazon.in/www.amazon.in-%E2%80%BA-Echo-show-10/dp/B084P1W77V
06/02/2022 22:19:39,https://www.amazon.in/Malleco-Pull-Down-multi-function-Technology-Stainless/dp/B07RNXS7WW
06/02/2022 22:20:07,https://www.amazon.in/wipro-NS9400-Compatible-Assistant-Standard/dp/B095SWYF6M
06/02/2022 22:20:27,https://www.amazon.in/MJSXJ02CM-1080P-Security-Camera-White/dp/B07HJD1KH4
06/02/2022 23:36:00,https://www.amazon.in/dp/B07TGF52TC
06/02/2022 23:36:35,https://www.amazon.in/dp/B01N5234UL
06/02/2022 23:36:56,https://www.amazon.in/dp/B07YXF8XJH
06/02/2022 23:37:13,https://www.amazon.in/dp/B07YXF8XJH
06/02/2022 23:37:48,https://www.amazon.in/dp/B079XY9S18
06/02/2022 23:38:34,https://www.amazon.in/dp/B08PFHW3R5
06/02/2022 23:39:00,https://www.amazon.in/dp/B08DP2FJ4L
06/02/2022 23:39:26,https://www.amazon.in/dp/B071F4LVD3
06/02/2022 23:42:49,https://www.amazon.in/dp/B07YXF8XJH
06/02/2022 23:43:00,https://www.amazon.in/dp/B07L11KNHW
06/02/2022 23:43:10,https://www.amazon.in/dp/B07MJXFBMK
06/02/2022 23:43:21,https://www.amazon.in/dp/B0913FVM4X
06/02/2022 23:44:58,https://www.amazon.in/dp/B07XTK9DMX
06/02/2022 23:45:08,https://www.amazon.in/dp/B01M007PE2
06/02/2022 23:45:16,https://www.amazon.in/dp/B08J3XJ1GK
06/02/2022 23:45:26,https://www.amazon.in/dp/B01HVNB8IQ
06/02/2022 23:45:44,https://www.amazon.in/dp/B09F9WL15V
06/02/2022 23:45:58,https://www.amazon.in/dp/B08P5XGHJG
06/02/2022 23:46:12,https://www.amazon.in/dp/B078KKML34
06/02/2022 23:46:24,https://www.amazon.in/dp/B0076L3PJ4
06/02/2022 23:46:32,https://www.amazon.in/dp/B082G6XH2P
06/02/2022 23:46:42,https://www.amazon.in/dp/B07KQKL1CK
06/02/2022 23:46:51,https://www.amazon.in/dp/B08NSQW6CW
06/02/2022 23:47:01,https://www.amazon.in/dp/B096517PGT
06/02/2022 23:47:11,https://www.amazon.in/dp/B01N2UPTQI
06/02/2022 23:47:20,https://www.amazon.in/dp/B07X4FLF33
06/02/2022 23:47:28,https://www.amazon.in/dp/B0923GFMSJ
06/02/2022 23:47:37,https://www.amazon.in/dp/B0177LV5SA
06/02/2022 23:47:48,https://www.amazon.in/dp/B00LN30QJI
06/02/2022 23:47:59,https://www.amazon.in/dp/B0177GA3JC
06/02/2022 23:48:07,https://www.amazon.in/dp/B07RPYRNRM
06/02/2022 23:48:16,https://www.amazon.in/dp/B0923GFMSJ
06/02/2022 23:48:26,https://www.amazon.in/dp/B07RPB8WZL
06/02/2022 23:49:07,https://www.amazon.in/dp/B07Q29XMXS
06/02/2022 23:50:33,https://www.amazon.in/dp/B08CX9TJQQ
06/02/2022 23:51:51,https://www.amazon.in/dp/B07PZCKGXM
06/02/2022 23:52:15,https://www.amazon.in/dp/B07BRH2JRW
06/02/2022 23:52:52,https://www.amazon.in/Toyshine-Electric-Vehicles-Toddlers-Children/dp/B08BWNCWXT
06/02/2022 23:53:12,https://www.amazon.in/Toyshine-Electric-Vehicles-Toddlers-Children/dp/B08BCPR5YB
06/02/2022 23:53:47,https://www.amazon.in/Toyshine-Concept-Musical-Lights-Transparent/dp/B09B3LZS1X
06/02/2022 23:56:28,https://www.amazon.in/Galaxy-Hi-Tech%C2%AE-Colorful-Direction-Movement/dp/B08LVRXMSS
06/02/2022 23:59:45,https://www.amazon.in/Rowan-Rotating-Musical-Fishing-Game/dp/B019XVU7TK
07/02/2022 00:00:35,https://www.amazon.in/TOYXE-40558-Baby-Shower-Banner/dp/B07L8F1N9Y
07/02/2022 00:01:07,https://www.amazon.in/Babique-Penguin-Stuffed-Plush-Birthday/dp/B08LTGRLD2
07/02/2022 00:01:23,https://www.amazon.in/HUG-FEEL-SOFT-TOYS-Lovable/dp/B08F2SYJ6S
07/02/2022 00:01:40,https://www.amazon.in/Little-Innocents%C2%AE-Elephant-Material-Toddlers/dp/B091F8MRCV
07/02/2022 00:02:08,https://www.amazon.in/Amazon-Brand-Jam-Honey-Magenta/dp/B085D4M2PH
07/02/2022 00:02:31,https://www.amazon.in/Amazon-Brand-Jam-Honey-Penguin/dp/B085D5MQ13
07/02/2022 00:02:45,https://www.amazon.in/Webby-Soft-Animal-Plush-Elephant/dp/B08QX75XNZ
07/02/2022 00:03:08,https://www.amazon.in/Jiada-Super-Plush-Unicorn-Stuffed/dp/B07ZYNZDM9
07/02/2022 00:03:43,https://www.amazon.in/BabyGo-Nara-Slide-School-Foldable/dp/B08FJF7J1T
07/02/2022 00:03:58,https://www.amazon.in/Cable-World%C2%AE-Colourful-Plastic-Attractive/dp/B083KH2779
07/02/2022 00:04:09,https://www.amazon.in/FunBlast-Unbreakable-Vehicles-Crawling-Children/dp/B07PTXSS4G
07/02/2022 00:04:30,https://www.amazon.in/Galaxia%C2%AE-Sensory-Special-Silicone-Assorted/dp/B09HH639KV
07/02/2022 00:04:43,https://www.amazon.in/Peppa-Playhouse-Tent-Girls-Boys/dp/B08VJ58YT9
07/02/2022 00:05:00,https://www.amazon.in/Funskool-Kiddy-Star-Links/dp/B0063BMTTA
07/02/2022 00:05:29,https://www.amazon.in/Babique-Octopus-Sitting-Plush-Animal/dp/B09278RR16
07/02/2022 00:05:51,https://www.amazon.in/Intex-Inflatable-Kids-Tub-3Ft-Multicolor/dp/B000I9RZOW
07/02/2022 00:06:17,https://www.amazon.in/ETERNAL-3x3x3-Speed-stickerless-Multicolour/dp/B07D6QKPT4
07/02/2022 00:06:36,https://www.amazon.in/Ratnas-Indian-Seasons-Jigsaw-Puzzles/dp/B0831LKDKZ
07/02/2022 00:07:00,https://www.amazon.in/RATNAS-Wonder-Grams-Play-Smooth/dp/B07V9GG71J
07/02/2022 00:07:18,https://www.amazon.in/Toyzone-Barbie-My-Little-Kitchen/dp/B07XCDLXLK
07/02/2022 00:08:07,https://www.amazon.in/Nerf-N-Strike-Elite-Disruptor/dp/B01IK52REI
07/02/2022 00:08:46,https://www.amazon.in/Nerf-Revoltinator-Blaster-Motorized-Official/dp/B07JNGRYDZ
07/02/2022 00:09:23,https://www.amazon.in/Nerf-Targeting-Official-Load-Prime-Fire-Multicolor/dp/B09JYYB1RP
07/02/2022 00:09:38,https://www.amazon.in/Nerf-N-Strike-Elite-Surge-Fire/dp/B072MPC9NZ
07/02/2022 00:10:06,https://www.amazon.in/Nerf-MicroShots-N-Strike-Elite-Firestrike/dp/B07317MT9B
07/02/2022 00:10:34,https://www.amazon.in/Mattel-Uno-Playing-Card-Game/dp/B00GTJSGXE
07/02/2022 00:11:05,https://www.amazon.in/MONOPOLY-Deal-Families-Gameplay-Cards/dp/B08664CSCK
07/02/2022 00:12:03,https://www.amazon.in/dp/B07XTK9DMX
07/02/2022 00:12:13,https://www.amazon.in/dp/B0923J3PDM
07/02/2022 00:12:46,https://www.amazon.in/Cards-Sanskaar-Party-Nation-Wants/dp/B07R84N4HD
07/02/2022 00:13:34,https://www.amazon.in/Awestuffs-Cards-Against-Humanity-Party/dp/B08K96V5MT
07/02/2022 00:14:00,https://www.amazon.in/Hasbro-Classic-Hardwood-Stacking-Players/dp/B08675PSBT
07/02/2022 00:14:19,https://www.amazon.in/dp/B085W99T26
07/02/2022 00:14:57,https://www.amazon.in/VEZIMON-Control-Helicopter-Outdoor-Multicolour/dp/B098MDRNQT
07/02/2022 00:15:15,https://www.amazon.in/Mechanix-3601017-Monster-Buggies/dp/B00EE769VY
07/02/2022 00:15:50,https://www.amazon.in/Super-Science-innovation-Instruction-Manual/dp/B071WRVX72
07/02/2022 00:16:20,https://www.amazon.in/Funskool-Games-Chess-Black-White/dp/B007WSPD4Q
07/02/2022 00:16:46,https://www.amazon.in/Mattel-Scrabble-Board-Multi-Color/dp/B0000AP4RQ
07/02/2022 00:17:00,https://www.amazon.in/Funskool-Scotland-Yard-Compelling-Detective/dp/B00ET0MMM6
07/02/2022 00:17:43,https://www.amazon.in/MONOPOLY-Deal-Families-Gameplay-Cards/dp/B08664CSCK
07/02/2022 00:18:53,https://www.amazon.in/Hasbro-Games-Taboo-Board-Game/dp/B00D4NJSBW
07/02/2022 00:20:18,https://www.amazon.in/These-Cards-Will-Get-Drunk/dp/B073R59XYF
07/02/2022 00:20:37,https://www.amazon.in/Frank-Guell-Barcelona-Puzzle-Multicolor/dp/B08Q4FTZ81
07/02/2022 00:21:17,https://www.amazon.in/Faber-Castell-Connector-Pen-Set-Assorted/dp/B00DJ5N9VK
07/02/2022 00:21:47,https://www.amazon.in/Artist-Expression-Sketch-Perforation-140GSM/dp/B09P8G714S
07/02/2022 00:25:36,https://www.amazon.in/TG-ORIGINALS-CHRISTMAS-THELA-GAADI/dp/B09NM936C3
07/02/2022 00:25:51,https://www.amazon.in/Thela-Womens-Combed-Cotton-Length/dp/B09GPFGV68
15/02/2022 22:20:44,https://www.amazon.in/Mandalorian-6-5-Inch-Posable-Action-Figure/dp/B082JJ5VM8
15/02/2022 22:21:13,https://www.amazon.in/dp/B09FPSXY7B
15/02/2022 22:21:49,https://www.amazon.in/dp/B095H4J6M5
15/02/2022 22:22:09,https://www.amazon.in/dp/B096MJ1LSR
15/02/2022 22:22:29,https://www.amazon.in/dp/B09RZSPP86
15/02/2022 22:22:49,https://www.amazon.in/dp/B09C3GTFWB
15/02/2022 22:23:45,https://www.amazon.in/dp/B09RZSNC1S
15/02/2022 22:28:02,https://www.amazon.in/Six-Crows-Collectors-Leigh-Bardugo/dp/1510106286
15/02/2022 22:28:36,https://www.amazon.in/Crooked-Kingdom-Collectors-Six-Crows/dp/1510107037
15/02/2022 22:30:01,https://www.amazon.in/Galliard-Games-Playing-Premium-Townside/dp/B07SJLLN5X
15/02/2022 22:31:10,https://www.amazon.in/MJM-Light-Playing-Cards-theory11/dp/B084T6M9N4
15/02/2022 22:31:33,https://www.amazon.in/Bicycle-Alchemy-England-Playing-Cards/dp/B01CR7C6DW
15/02/2022 22:32:54,https://www.amazon.in/Bicycle-BYC1043628-Mosaique-Playing-Cards/dp/B07ZWHCXK2
15/02/2022 22:33:13,https://www.amazon.in/Bicycle-1020181-Guardians-Playing-Cards/dp/B001J1KJBO
15/02/2022 22:33:33,https://www.amazon.in/Mechanical-Building-Learning-Educational-Projects/dp/B07DNBTW55
15/02/2022 22:34:25,https://www.amazon.in/Bee-Line-Industries-Roadster-Collectible/dp/B07DNDRTRM
15/02/2022 22:34:49,https://www.amazon.in/Negi-3x3x3-Speed-Cube/dp/B00SIWUU2A
15/02/2022 22:35:19,https://www.amazon.in/Negi-3x3x3-Speed-Cube/dp/B00SIWUU2A
15/02/2022 22:35:31,https://www.amazon.in/Funko-Pop-Schitts-Creek-Multicolor/dp/B07YQH6YG5
15/02/2022 22:36:11,https://www.amazon.in/Funko-Office-Meredith-Collectible-Figurine/dp/B07ZZNYRH1
15/02/2022 22:38:06,https://www.amazon.in/Hasbro-Games-Taboo-Board-Game/dp/B00D4NJSBW
15/02/2022 22:38:28,https://www.amazon.in/SHASN-Essential-Indias-Biggest-Boardgame/dp/B098862THW
15/02/2022 22:38:56,https://www.amazon.in/Funskool-Scotland-Yard-Compelling-Detective/dp/B00ET0MMM6
15/02/2022 22:39:11,https://www.amazon.in/Codenames-Board-Game/dp/B08P1HXHC2
15/02/2022 22:40:30,https://www.amazon.in/Monopoly-Deluxe-Games-Ages-Above/dp/B085W99T27
15/02/2022 22:40:42,https://www.amazon.in/Codenames-Board-Game/dp/B08P1HXHC2
15/02/2022 22:41:31,https://www.amazon.in/Mayfair-Games-Catan-Multi-Color/dp/B00U26V4VQ
15/02/2022 22:42:12,https://www.amazon.in/PLUSPOINT-Exploding-Kittens-Explosions-Sometimes/dp/B09H5V8JN8
15/02/2022 22:42:46,https://www.amazon.in/Hasbro-Gaming-Classic-Detective-Players/dp/B08664HGWV
15/02/2022 22:43:27,https://www.amazon.in/Amazon-Brand-Honey-30cm-Tiger/dp/B081ZK387W
15/02/2022 22:43:50,https://www.amazon.in/dp/B083F2X9YS
15/02/2022 22:44:18,https://www.amazon.in/Sennheiser-HD-450SE-Headphones-Black/dp/B09325WTV5
15/02/2022 22:44:53,https://www.amazon.in/Sennheiser-HD-450SE-Headphones-Black/dp/B09325WTV5
15/02/2022 22:46:04,https://www.amazon.in/Funskool-Games-Chess-Black-White/dp/B007WSPD4Q
15/02/2022 22:46:50,https://www.amazon.in/dp/B01AUWCSVQ
15/02/2022 22:47:21,https://www.amazon.in/Thela-Womens-Combed-Cotton-Length/dp/B09GPH1WP9
15/02/2022 22:47:40,https://www.amazon.in/Thela-Womens-Combed-Cotton-Length/dp/B09GPGQ3RV
15/02/2022 22:48:16,https://www.amazon.in/Faber-Castell-Connector-Pen-Set-Assorted/dp/B00LY28EGA
15/02/2022 22:48:41,https://www.amazon.in/Refreshing-Mandala-Colouring-Book-Adults/dp/9350897601
15/02/2022 22:48:58,https://www.amazon.in/Refreshing-Mandala-Colouring-Book-Adults/dp/9350899175
15/02/2022 22:49:21,https://www.amazon.in/Mandala-Art-Colouring-Adults-Sheets/dp/9386538601
15/02/2022 22:50:11,https://www.amazon.in/Garmin-Smaller-Sized-Smartwatch-Monitoring-010-02429-70/dp/B0911JMXVX
15/02/2022 22:51:11,https://www.amazon.in/GOQii-temperature-pressure-personal-Coaching/dp/B0877MB5HN
15/02/2022 22:51:21,https://www.amazon.in/AmazonBasics-Extra-Thick-Exercise-Carrying/dp/B01LP0VI3G
15/02/2022 22:52:31,https://www.amazon.in/AmazonBasics-Classic-Rechargeable-Dimming-Neutral/dp/B089B5LG79
15/02/2022 22:52:57,https://www.amazon.in/dp/B089B4QPQ2
15/02/2022 22:53:30,https://www.amazon.in/dp/B016VYAWA6
15/02/2022 22:53:44,https://www.amazon.in/YONEX-9826MSH-BT6-SR-Badminton-KITBAG/dp/B08Y6P98XC
15/02/2022 22:54:22,https://www.amazon.in/Li-Ning-G-Force-Superlite-Unstrung-Badminton/dp/B08G4MDP1J
15/02/2022 22:56:32,https://www.amazon.in/Li-Ning-Carbon-Strung-Badminton-Racket/dp/B08KDTQJFT
15/02/2022 22:56:57,https://www.amazon.in/Endorsed-Legend-Lee-Chong-Wei/dp/B0854RZW2V
15/02/2022 22:58:11,https://www.amazon.in/VEZIMON-Control-Helicopter-Outdoor-Multicolour/dp/B098MDRNQT
15/02/2022 22:58:43,https://www.amazon.in/Vezimon-Rechargeable-Remote-Control-Recahrgable/dp/B09N2D8DTN
15/02/2022 22:59:09,https://www.amazon.in/dp/B08K3JNWXL
15/02/2022 23:00:13,https://www.amazon.in/Zest-Toyz-Remote-Control-Crawler/dp/B08QMZFQ1X
15/02/2022 23:02:08,https://www.amazon.in/Zest-Toyz-Educational-Magnifying-Political/dp/B08M3RHZFS
15/02/2022 23:02:43,https://www.amazon.in/iQKids-Political-Educational-Laminated-Diameter/dp/B07MB3FWCW
15/02/2022 23:03:00,https://www.amazon.in/dp/B088KKXDJK
15/02/2022 23:03:20,https://www.amazon.in/Stuffed-Animal-Unicorn-Birthday-Rainbow/dp/B09G38RR7Y
15/02/2022 23:03:38,https://www.amazon.in/Mirada-Standing-Unicorn-Glitter-Multicolor/dp/B08K4P6265
15/02/2022 23:03:52,https://www.amazon.in/Super-Stuffed-Washable-Cuddly-Multicolor/dp/B09FQ6JS3W
15/02/2022 23:04:13,https://www.amazon.in/Stuffed-Mermaid-Princess-Washable-Multicolor/dp/B09FQ61QFG
15/02/2022 23:05:00,https://www.amazon.in/pretend-little-kitchen-portable-suitcase/dp/B08KG7L6DN
15/02/2022 23:05:24,https://www.amazon.in/dp/B07H1JCCRY
15/02/2022 23:05:39,https://www.amazon.in/Khilona-42-Piece-Kitchen-Smoky-Actually/dp/B08FJ8Z9NP
15/02/2022 23:05:53,https://www.amazon.in/Zest-Toyz-Kitchen-Battery-Operated/dp/B07VVGZR63
15/02/2022 23:06:10,https://www.amazon.in/Learning-Educational-Suitcase-Accessories-Portable/dp/B099641LGH
15/02/2022 23:06:46,https://www.amazon.in/Zest-Toyz-Musical-Style-Lights/dp/B01JS5TFDU
15/02/2022 23:07:05,https://www.amazon.in/dp/B07SN3NXTT
15/02/2022 23:07:22,https://www.amazon.in/Toyshine-Musical-Style-Music-Lights/dp/B01CLDGBYC
15/02/2022 23:08:16,https://www.amazon.in/Chalk-Chuckles-Speedy-Mental-Family/dp/B07QDRM1P2
15/02/2022 23:09:02,https://www.amazon.in/Logitech-Pebble-M350-Wireless-Bluetooth/dp/B07X2L5Z8C
15/02/2022 23:09:09,https://www.amazon.in/dp/B07YXNDK6X
15/02/2022 23:09:42,https://www.amazon.in/Logitech-B170-Wireless-Mouse-Black/dp/B01J0XWYKQ
15/02/2022 23:09:51,https://www.amazon.in/dp/B018HSPN8U
15/02/2022 23:10:33,https://www.amazon.in/dp/B006JH8T3S
15/02/2022 23:11:14,https://www.amazon.in/dp/B006JH8T3S
15/02/2022 23:11:26,https://www.amazon.in/dp/B08XLSWGB3
15/02/2022 23:11:42,https://www.amazon.in/dp/B00FZP2O18
15/02/2022 23:12:37,https://www.amazon.in/Redgear-Pro-Wireless-Gamepad-Black/dp/B0756CLQWL
15/02/2022 23:13:00,https://www.amazon.in/dp/B07QN369XX
15/02/2022 23:13:16,https://www.amazon.in/dp/B08LT9BMPP
15/02/2022 23:13:51,https://www.amazon.in/Sony-WF-1000XM4-Industry-Cancellation-Bluetooth/dp/B094C4VDJZ
15/02/2022 23:14:47,https://www.amazon.in/dp/B09PDSVQTW
15/02/2022 23:15:31,https://www.amazon.in/Oneplus-Bluetooth-Truly-Wireless-Earbuds/dp/B07XW7X1X6
16/02/2022 11:55:31,https://www.amazon.in/Vendola-Girlfriend-Long-Distance-Relationship/dp/B08R93L24L
16/02/2022 11:55:45,https://www.amazon.in/Love-Legacy-Titanic-Swarovski-Necklace/dp/B0799F6X41
16/02/2022 11:59:15,https://www.amazon.in/Love-Legacy-Titanic-Swarovski-Necklace/dp/B0799F6X41
16/02/2022 11:59:38,https://www.amazon.in/Chocozone-Miniatures-Girlfriend-Valentine-Decoration/dp/B07ZJQYWDH
16/02/2022 11:59:53,https://www.amazon.in/iDream-Proposing-Miniatures-Valentines-Girlfriend/dp/B09DTDQCK4
16/02/2022 12:00:10,https://www.amazon.in/OSJS-SpongyHuggable-Girlfriend-Valentine-Anniversary/dp/B09KHFCZWC
16/02/2022 12:00:28,https://www.amazon.in/YouBella-Gold-plated-Heart-Pendant-Necklace/dp/B01MU89ROZ
16/02/2022 12:00:47,https://www.amazon.in/Estele-plated-earrings-coloured-flower/dp/B08D6SVLXB
16/02/2022 12:01:02,https://www.amazon.in/Estele-Dangling-Austrian-crystal-earrings/dp/B08CPYMM1J
16/02/2022 12:01:43,https://www.amazon.in/Estele-Purple-plated-trending-Earrings/dp/B08CQ6HCRV
16/02/2022 12:01:55,https://www.amazon.in/Estele-Black-trendy-Chandelier-Earrings/dp/B08CPSJB4N
16/02/2022 12:02:11,https://www.amazon.in/ACPL-Precious-Moments-Anniversary-Marriage/dp/B084HGDLCH
16/02/2022 12:02:24,https://www.amazon.in/Girlfriend-Gripping-Psychological-Thriller-Bestseller/dp/150982152X
16/02/2022 12:06:51,https://www.amazon.in/Ugaoo-Good-Luck-Plant-Watering/dp/B07QZXPF9W
16/02/2022 12:07:04,https://www.amazon.in/Ugaoo-Good-Luck-Plant-Watering/dp/B07QZXPF9W
16/02/2022 12:07:22,https://www.amazon.in/Root-Bridges-Indoor-Green-included/dp/B01M0PU9T6
16/02/2022 12:07:33,https://www.amazon.in/Ugaoo-Areca-Purifier-Natural-Plant/dp/B0794YN7Z1
16/02/2022 12:07:48,https://www.amazon.in/dp/B08ZCCXWNB
16/02/2022 12:08:00,https://www.amazon.in/Plantmojo-Combo-Golden-Ceramic-Saucer/dp/B08KNY1DPS
16/02/2022 12:08:09,https://www.amazon.in/Ugaoo-Philodendron-Broken-Heart-Plant/dp/B01IHV0R7O
16/02/2022 12:08:20,https://www.amazon.in/Rolling-Nature-Money-Square-Ceramic/dp/B075VVGN2R
16/02/2022 12:08:30,https://www.amazon.in/Hyperboles-Artificial-Potted-Plant-Bamboo/dp/B07HB2KK33
16/02/2022 12:09:33,https://www.amazon.in/Ugaoo-Good-Luck-Indoor-Plants/dp/B07TS1NGL9
16/02/2022 12:09:46,https://www.amazon.in/Ugaoo-Indoor-Plants-Sanseveria-Syngonium/dp/B07TT4D3MC
16/02/2022 12:10:04,https://www.amazon.in/Ugaoo-Areca-Purifier-Natural-Plant/dp/B0794YN7Z1
16/02/2022 12:10:14,https://www.amazon.in/Rolling-Nature-Syngonium-Square-Ceramic/dp/B075VT5B5R
16/02/2022 12:10:23,https://www.amazon.in/Ferns-Petals-Pothos-Syngonium-Golden/dp/B07QNM6K28
16/02/2022 12:14:22,https://www.amazon.in/Hornbull-Denial-Brown-Leather-Wallet/dp/B085LJ1PCH
16/02/2022 12:14:34,https://www.amazon.in/WildHorn-Brown-Mens-Wallet-WH2066A/dp/B07BMT1VSS
16/02/2022 12:14:44,https://www.amazon.in/Urban-Forest-Oliver-Leather-Wallet/dp/B07MX26G8P
16/02/2022 12:14:58,https://www.amazon.in/Forest-Oliver-Blocking-Leather-Wallet/dp/B07XTJDJHN
16/02/2022 12:15:10,https://www.amazon.in/WildHorn-Brown-Wallet-WH2052-Crackle/dp/B07C3VH84K
16/02/2022 12:15:21,https://www.amazon.in/WildHorn%C2%AE-Protected-Genuine-Quality-Leather/dp/B07QBQ127Y
16/02/2022 12:20:11,https://www.amazon.in/LEGO-21319-Central-Years-Pieces/dp/B07VGGF8DP
16/02/2022 12:20:47,https://www.amazon.in/LEGO-42115-Lamborghini-Si%C3%A1n-FKP/dp/B0813RJRYC
16/02/2022 12:20:58,https://www.amazon.in/LEGO-Haunted-House-Building-Pieces/dp/B088X1H7KL
16/02/2022 12:21:09,https://www.amazon.in/LEGO-Infinity-Gauntlet-76191-Building/dp/B08WX4YRK7
16/02/2022 12:21:48,https://www.amazon.in/LEGO-10265-Ford-Mustang/dp/B07G3D9TT6
16/02/2022 21:37:16,https://www.amazon.in/Incredible-Gifts-India-Friendship-Friend/dp/B0847LVQGR
16/02/2022 21:37:35,https://www.amazon.in/SHAFIRE-Kitchen-Stainless-Frothing-1%EF%BC%88Silvery%EF%BC%89/dp/B07DLP1WPD
16/02/2022 21:37:47,https://www.amazon.in/Sleepy-Owl-Coffee-Assorted-Flavours/dp/B08NXWY7XV
16/02/2022 21:37:56,https://www.amazon.in/Unique-Home-Decor-Customized-Birthday/dp/B095YBWVNT
16/02/2022 21:38:08,https://www.amazon.in/ITOS365-Jewellery-Wooden-Flower-Handmade/dp/B01691KLOS
16/02/2022 21:38:18,https://www.amazon.in/Giftplease-Customized-Removable-Personalized-Anniversary/dp/B09L5YYFSD
16/02/2022 21:38:29,https://www.amazon.in/Itos365-Handmade-Jewellery-Organizer-Elephant/dp/B01691KJKE
16/02/2022 21:38:38,https://www.amazon.in/VAH-Friends-Hanging-Display-Organizer/dp/B07YHB83JL
16/02/2022 21:38:49,https://www.amazon.in/PRINTKART-Printed-Ceramic-Girlfriend-Boyfriend/dp/B098WVLVKV
16/02/2022 21:39:31,https://www.amazon.in/Luvkushcart-Friends-Ceramic-Black-Coffee/dp/B09FR8CDJQ
16/02/2022 21:39:41,https://www.amazon.in/Collectible-India-Ganesh-Ganesha-Leaf/dp/B07Y1P5LK4
16/02/2022 21:39:51,https://www.amazon.in/Indigifts-Valentine-Girlfriend-Boyfriend-Couple/dp/B08R63B371
16/02/2022 21:40:00,https://www.amazon.in/Indigifts-Friends-Printed-Cushion-Birthday/dp/B07PLC9FFK
16/02/2022 21:40:10,https://www.amazon.in/Illusion-Changing-Lighting-Decoration-Decorative/dp/B09MZFRVL8
16/02/2022 21:40:23,https://www.amazon.in/Alexus-Positively-Network-Children-Birthday/dp/B08R66NXPF
16/02/2022 21:40:46,https://www.amazon.in/Shaivya-Customized-Personalized-Scannable-Romantic/dp/B0932LTWPJ
16/02/2022 21:42:56,https://www.amazon.in/Indigifts-Valentines-Cushion-Filler-Coffee/dp/B01AL1BRMM
16/02/2022 21:43:08,https://www.amazon.in/Indigifts-Printed-Cushion-Pillow-Together/dp/B01AL1HU5A
16/02/2022 21:43:22,https://www.amazon.in/Indigifts-Hearts-Valentine-Growing-Cushion/dp/B01AVUR5R4
16/02/2022 21:43:33,https://www.amazon.in/Dashing-Arts-Matching-Anniversary-Marriage/dp/B097T4LYCT
16/02/2022 21:43:43,https://www.amazon.in/exciting-Lives-Love-Messages-Valentines/dp/B081N22K8W
16/02/2022 21:43:54,https://www.amazon.in/dp/9353919649
16/02/2022 21:44:04,https://www.amazon.in/YaYa-cafe-Birthday-Anniversary-Wonderful/dp/B07DPQHSKP
16/02/2022 21:44:15,https://www.amazon.in/Paper-Plane-Design-Husband-Trophy/dp/B07NDFGMLY
16/02/2022 21:46:30,https://www.amazon.in/Ceramic-Printed-Special-Birthday-Anniversary/dp/B089FGBLC7
16/02/2022 21:52:42,https://www.amazon.in/Two-Moustaches-Birds-Brass-Showpiece/dp/B07GVFXBWF
16/02/2022 21:53:02,https://www.amazon.in/Two-Moustaches-Brass-Musketeers-Monkey/dp/B00W4AXPGA
16/02/2022 21:53:15,https://www.amazon.in/Two-Moustaches-Luxurious-Collectible-Showpiece/dp/B01MA51IRS
16/02/2022 21:53:35,https://www.amazon.in/Fashion-Bizz-Rajasthani-Musician-Bawla/dp/B075QH4BMZ
16/02/2022 21:53:47,https://www.amazon.in/Two-Moustaches-Brass-Kuber-Maharaj/dp/B0111PMPP0
16/02/2022 21:53:59,https://www.amazon.in/Sacred-BlessingsTM-Reclining-Sleeping-Showpiece/dp/B07F33JLL6
16/02/2022 21:54:14,https://www.amazon.in/Apkamart-Handcrafted-Light-Holder-Inch/dp/B01N7MXCA0
16/02/2022 21:54:36,https://www.amazon.in/Collectible-India-Large-Porcelain-Hanuman/dp/B01IL2KPG2
16/02/2022 21:54:48,https://www.amazon.in/Karigaari-Rajasthani-Iron-Wall-Hanging/dp/B00KQGXMFS
16/02/2022 21:55:04,https://www.amazon.in/Two-Moustaches-Ganesha-Jhoola-Showpiece/dp/B00JNKH8YO
16/02/2022 21:55:13,https://www.amazon.in/EtsiBitsi-Ashoka-Pillar-Showpiece-figure/dp/B01ESV39UO
16/02/2022 21:57:09,https://www.amazon.in/dp/B08F4KX6PZ
16/02/2022 21:57:24,https://www.amazon.in/dp/B09S6MN78G
16/02/2022 21:57:35,https://www.amazon.in/dp/B09BL9GH9W
16/02/2022 21:57:46,https://www.amazon.in/dp/B01718WT7U
16/02/2022 21:57:57,https://www.amazon.in/dp/B078ZY48NZ
16/02/2022 21:58:06,https://www.amazon.in/dp/B09QJZXPSL
16/02/2022 21:58:18,https://www.amazon.in/dp/B097435X73
16/02/2022 21:58:28,https://www.amazon.in/dp/B07VP1X9B9
16/02/2022 21:58:40,https://www.amazon.in/dp/B07XWM2JVV
16/02/2022 21:58:55,https://www.amazon.in/dp/B07VGHBH91
16/02/2022 21:59:12,https://www.amazon.in/Vintage-Clock-Handicraft-Regal-Carved/dp/B018MARK2K
16/02/2022 21:59:26,https://www.amazon.in/dp/B01DSZEKAE
16/02/2022 21:59:39,https://www.amazon.in/Two-Moustaches-Kamdhenu-Brass-Showpiece/dp/B00JNKGGYM
16/02/2022 21:59:47,https://www.amazon.in/Contrast-Living-Painted-Decorative-22X22X13/dp/B00XVT4VP2
16/02/2022 21:59:55,https://www.amazon.in/7CR-Wooden-Handcrafted-Decorative-Itemization/dp/B07CRVP8FL
16/02/2022 22:00:04,https://www.amazon.in/Wallstick-Color-Stickers-Wallsticker-Vinyl/dp/B0734RQF57
16/02/2022 22:00:15,https://www.amazon.in/Collectible-India-Ceramic-Terracotta-Ganesha/dp/B07FYCBJMJ
16/02/2022 22:00:26,https://www.amazon.in/Collectible-India-Large-Radha-Krishna/dp/B01IKZCQPS
16/02/2022 22:00:44,https://www.amazon.in/Grand-Pixels-Vinyl-Sticker-80cmx110cm/dp/B075VP7DM4
16/02/2022 22:03:07,https://www.amazon.in/Grand-Pixels-Vinyl-Sticker-80cmx110cm/dp/B075VP7DM4
16/02/2022 22:05:45,https://www.amazon.in/Decals-Design-Guitar-Passion-Multicolour/dp/B01N1PN76E
16/02/2022 22:05:59,https://www.amazon.in/Decals-Design-Happy-Family-Multicolour/dp/B01N2R8CG7
16/02/2022 22:06:10,https://www.amazon.in/Decals-Design-Slender-Peacock-Sticker/dp/B019T1F5MI
16/02/2022 22:06:19,https://www.amazon.in/Decals-Design-Elegant-Ganesha-Multicolour/dp/B078BDVB79
16/02/2022 22:06:27,https://www.amazon.in/Decals-Design-Polka-Motifs-Sticker/dp/B019T1DYGM
16/02/2022 22:06:40,https://www.amazon.in/Heaven-Decors-Hanging-Sticker-Multicolour/dp/B08XNFQSSG
16/02/2022 22:06:50,https://www.amazon.in/Amazon-Brand-Solimo-Sticker-Giraffe/dp/B073RLY5GM
16/02/2022 22:07:04,https://www.amazon.in/Decals-Design-African-Women-Sticker/dp/B019T1C8TQ
16/02/2022 22:07:12,https://www.amazon.in/Decals-Design-Underwater-Creatures-Sticker/dp/B00OPYN54U
16/02/2022 22:07:28,https://www.amazon.in/Decals-Design-Beautiful-Bottles-Sticker/dp/B00OPYL7KY
16/02/2022 22:07:37,https://www.amazon.in/Decals-Design-Lovely-Sticker-centimeters/dp/B00OPYKWQY
16/02/2022 22:07:45,https://www.amazon.in/Amazon-Brand-Sticker-Bedroom-Pinwheel/dp/B073RN16KC
16/02/2022 22:07:54,https://www.amazon.in/Amazon-Brand-Sticker-gallery-Multicolour/dp/B073RMMX9D
16/02/2022 22:08:05,https://www.amazon.in/Decals-Design-Cartoon-Animals-Multicolour/dp/B00OPYNS88
16/02/2022 22:08:14,https://www.amazon.in/Decals-Design-Feeding-Sticker-Multicolour/dp/B019T1EAMO
16/02/2022 22:08:24,https://www.amazon.in/Amazon-Brand-Solimo-Sticker-Multicolor/dp/B073RM3F6H
16/02/2022 22:08:34,https://www.amazon.in/dp/B073RM84DC
16/02/2022 22:08:44,https://www.amazon.in/dp/B07YFL53C4
16/02/2022 22:08:54,https://www.amazon.in/dp/B073RLY5GL
16/02/2022 22:09:06,https://www.amazon.in/dp/B0774X1QCB
16/02/2022 22:09:16,https://www.amazon.in/JAAMSO-ROYALS-Multicolor-Butterflies-Stickers/dp/B076X69MWL
16/02/2022 22:09:26,https://www.amazon.in/Decals-Design-Flowers-Sticker-Multicolor/dp/B01CQRQM2E
16/02/2022 22:09:38,https://www.amazon.in/Decals-Design-Laugh-Family-Sticker/dp/B019T1ERQI
16/02/2022 22:09:57,https://www.amazon.in/Decals-Design-Peacock-Sticker-Multicolour/dp/B075R6YG87
16/02/2022 22:10:06,https://www.amazon.in/Decals-Design-Hanging-Flowers-Sticker/dp/B078BDF3VM
16/02/2022 22:10:16,https://www.amazon.in/dp/B07QSR8SSQ
16/02/2022 22:10:26,https://www.amazon.in/dp/B073RLY5GS
16/02/2022 22:10:35,https://www.amazon.in/dp/B09J4LL9WR
16/02/2022 22:10:43,https://www.amazon.in/Two-Moustaches-Laxmi-Ganesha-Saraswati/dp/B016Q05VLA
16/02/2022 22:10:53,https://www.amazon.in/Generic-Colouful-Chimes-Positive-Energy/dp/B0782X64VK
16/02/2022 22:11:06,https://www.amazon.in/Two-Moustaches-Vintage-Bullock-Showpiece/dp/B00W0F4COI
16/02/2022 22:11:21,https://www.amazon.in/CbeeSo-6-Racks-Portable-Wardrobe/dp/B01191E5YK
16/02/2022 22:11:30,https://www.amazon.in/SHOP-END-HERE-Buddha-7-inch/dp/B01LAW7DQU
16/02/2022 22:11:46,https://www.amazon.in/Two-Moustaches-Brass-Apsara-Showpieces/dp/B01J5WKZ4O
16/02/2022 22:11:57,https://www.amazon.in/Vintage-Clock-Handicraft-Hand-Painted-Pine/dp/B01HIR982I
16/02/2022 22:12:06,https://www.amazon.in/Two-Moustaches-Brass-Laxmi-Ganesh/dp/B00JNKGJYO
16/02/2022 22:12:17,https://www.amazon.in/MARINERS-CREATION-Rajasthani-Showpiece/dp/B07GFK4P6B
16/02/2022 22:12:28,https://www.amazon.in/APKAMART-Radha-Krishna-Jhula-Hanging/dp/B00WB4QELM
16/02/2022 22:12:40,https://www.amazon.in/Fashion-Bizz-Wooden-Rajasthani-Hanging/dp/B0773F7BTD
16/02/2022 22:12:56,https://www.amazon.in/Ek-Do-Dhai-Narcotics-Ashtray/dp/B015XXKYAE
16/02/2022 22:20:04,https://www.amazon.in/Cartshopper-Silicone-Pudding-Chocolate-Drinking/dp/B07GPJSQKX
16/02/2022 22:20:27,https://www.amazon.in/GLAMOUROUI-Coffee-Birthday-Ceramic-Fathers/dp/B096QRGX2P
16/02/2022 22:20:38,https://www.amazon.in/Jhingalala-Printed-Cushion-Greeting-Birthday/dp/B096XZT7LD
16/02/2022 22:20:53,https://www.amazon.in/Ceramic-Fathers-Day-Birthday-Printed-Multicolour/dp/B07SQFG7VQ
16/02/2022 22:21:03,https://www.amazon.in/Visibee-Indian-Mother-Father-Anniversary/dp/B08BJ9S9HL
16/02/2022 22:21:12,https://www.amazon.in/Visibee-Great-Indian-Father-Mug/dp/B0892NWP55
16/02/2022 22:21:24,https://www.amazon.in/GLAMOUROUI-Youre-Best-Dad-Coffee/dp/B094JYMDCV
16/02/2022 22:21:36,https://www.amazon.in/ITOS365-Handmade-Wooden-Spectacle-Eyeglass/dp/B01255DE96
16/02/2022 22:21:48,https://www.amazon.in/Craftland-Handmade-Spectacle-Eyeglass-Moustache/dp/B073H5BYH5
16/02/2022 22:22:01,https://www.amazon.in/Two-Moustaches-Horse-Brass-Showpiece/dp/B00JNKGUQQ
16/02/2022 22:22:12,https://www.amazon.in/Reiki-Crystal-Products-Correction-Good-Prosperity/dp/B01J7HYLUG
16/02/2022 22:22:23,https://www.amazon.in/Aica-Gifts-Dashboard-Figurine-Showpiece/dp/B01IFR8Z10
16/02/2022 22:22:35,https://www.amazon.in/MADHULI-Krishnas-Peacock-Quills-6-0x1-5cm/dp/B01N12PMQE
16/02/2022 22:22:48,https://www.amazon.in/Artshai-Decorative-Handcrafted-Golden-Tealight/dp/B016C3NABY
16/02/2022 22:22:59,https://www.amazon.in/Two-Moustaches-Vintage-Temple-Peacock/dp/B079NCV34D
16/02/2022 22:23:09,https://www.amazon.in/Two-Moustaches-Brass-Dancing-Ganesha/dp/B01CSKVK58
16/02/2022 22:23:24,https://www.amazon.in/Two-Moustaches-Krishna-Arjuna-Showpiece/dp/B01BHQDDRM
16/02/2022 22:23:34,https://www.amazon.in/Two-Moustaches-Radha-Krishna-Statue/dp/B01CNMQG0K
16/02/2022 22:23:43,https://www.amazon.in/Collectible-India-Porcelain-Hanuman-Idol/dp/B0142TYJTM
16/02/2022 22:23:51,https://www.amazon.in/Two-Moustaches-Brass-Hanging-Chain/dp/B00JNKGZR0
16/02/2022 22:24:05,https://www.amazon.in/dp/B0774X7VKP
16/02/2022 22:24:15,https://www.amazon.in/dp/B08W516LCT
16/02/2022 22:24:24,https://www.amazon.in/dp/B07GLSWWB3
16/02/2022 22:24:36,https://www.amazon.in/BOOV-Innovative-Fragrance-Cartridge-Outdoors/dp/B07MKKTLN3
16/02/2022 22:24:46,https://www.amazon.in/Nyrwana-Ceramic-Creative-Cigarette-4x2-4x1-6-inch/dp/B07P1RGNZV
16/02/2022 22:24:55,https://www.amazon.in/PRO365-Casino-Bottle-Opener-Credit/dp/B07QZZWM44
16/02/2022 22:25:07,https://www.amazon.in/Zippo-Black-Matte-Lighter-Logo/dp/B000B5H5SE
16/02/2022 22:25:16,https://www.amazon.in/Dynore-Stainless-Steel-Tray-Silver/dp/B01F7B32B0
16/02/2022 22:25:25,https://www.amazon.in/Inara-Creation-Cigarette-Ashtray-Smoking/dp/B098LVZ9WR
16/02/2022 22:25:34,https://www.amazon.in/Inara-Creation-Gorilla-Cigarette-Ashtray/dp/B093TNHL9M
16/02/2022 22:33:59,https://www.amazon.in/dp/B087RSM8TJ
16/02/2022 22:34:09,https://www.amazon.in/dp/B09818CD72
16/02/2022 22:34:18,https://www.amazon.in/dp/B07Z1S793N
16/02/2022 22:34:27,https://www.amazon.in/dp/B08Z4DZ7Q3
16/02/2022 22:34:38,https://www.amazon.in/dp/B08R933P3X
16/02/2022 22:34:54,https://www.amazon.in/dp/B091DWFFQ8
16/02/2022 22:35:02,https://www.amazon.in/dp/B07M817CCF
16/02/2022 22:35:12,https://www.amazon.in/dp/B089WJ4N9C
16/02/2022 22:35:44,https://www.amazon.in/dp/B085W2TBYS
16/02/2022 22:35:58,https://www.amazon.in/dp/B08WC7MD3D
16/02/2022 22:36:22,https://www.amazon.in/dp/B07HNPQTKH
16/02/2022 22:36:47,https://www.amazon.in/Ek-Do-Dhai-Thela-Multicolour/dp/B071XSZJZQ
16/02/2022 22:36:59,https://www.amazon.in/Ek-Dhai-Oldcharm-Iron-Platter/dp/B07VMDCWGQ
16/02/2022 22:37:17,https://www.amazon.in/Dhai-Haath-Gadi-Dip-Bowls/dp/B07VHB2HFJ
16/02/2022 22:37:35,https://www.amazon.in/dp/B08X22YP9J
16/02/2022 22:37:46,https://www.amazon.in/DENSITY-COLLECTION-Silicone-Cocktails-Round-Total/dp/B08L16S6Y9
16/02/2022 22:48:09,https://www.amazon.in/Indigifts-Grandparents-Special-Grandma-12x12-inch/dp/B01DRBQHHS
16/02/2022 22:48:22,https://www.amazon.in/TrendoPrint-Printed-Ceramic-Grandmother-Grandma/dp/B08V234LG7
16/02/2022 22:48:30,https://www.amazon.in/Indigifts-Angel-Grandma-Ceramic-325ml/dp/B01DRM37NE
16/02/2022 22:49:02,https://www.amazon.in/Alphatool-Cosmetic-Grandmother-Birthday-Granddaughter/dp/B08616H3C9
16/02/2022 22:49:13,https://www.amazon.in/exciting-Lives-Dada-Dadi-Grandparents/dp/B0859VQTGP
16/02/2022 22:50:39,https://www.amazon.in/Indigifts-Grandpa-Grandfather-Grandson-Grandparents/dp/B01GDW7VLY
16/02/2022 22:50:49,https://www.amazon.in/Indigifts-Grandparents-Anniversary-Granddaughter-Illustration/dp/B01GDW7YBQ
16/02/2022 22:50:56,https://www.amazon.in/Indigifts-Grandfather-Birthday-Everything-Illustration/dp/B01GEPONZW
16/02/2022 22:51:05,https://www.amazon.in/exciting-Lives-Ceramic-Coffee-Mug/dp/B01LF1L394
16/02/2022 22:51:13,https://www.amazon.in/Indigifts-Grandparents-Anniversary-Grandfather-Illustration/dp/B00ZU7S460
16/02/2022 22:51:22,https://www.amazon.in/Merchant-Bros-Embossed-Keychain-Grandfather/dp/B08MBF9MPP
16/02/2022 22:51:33,https://www.amazon.in/Indigifts-Grandparents-Anniversary-Granddaughter-Illustration/dp/B01GEPOV22